OrderID,OrderDate,Product,Category,Region,Amount,Quantity,CustomerID
1001,15-01-2023,Laptop,Electronics,North,1200,1,C001
1002,20-02-2023,Mouse,Electronics,South,50,2,C002
1003,10-03-2023,Desk,Furniture,East,300,1,C003
1004,05-04-2023,Monitor,Electronics,West,400,1,C004
1005,12-05-2023,Chair,Furniture,North,150,2,C005
1006,18-06-2023,Keyboard,Electronics,South,80,1,C006
1007,22-07-2023,Tablet,Electronics,East,600,1,C007
1008,30-08-2023,Sofa,Furniture,West,1000,1,C008
1009,14-09-2023,Laptop,Electronics,North,1100,1,C009
1010,25-10-2023,Mouse,Electronics,South,45,3,C010
1011,08-11-2023,Desk,Furniture,East,350,1,C011
1012,20-12-2023,Monitor,Electronics,West,450,1,C012
1013,10-01-2024,Chair,Furniture,North,160,2,C013
1014,15-02-2024,Keyboard,Electronics,South,90,1,C014
,,,,,,,
,,,2,,,,
,,,l,,,,
